media,desv_std,min,max,mediana
0.001084795408158705,0.007516075151246697,3.863468716489759e-9,0.07222324542606247,1.3298648278868231e-8
