media,desv_std,min,max,mediana
0.0011060821961297472,0.007675040036489623,4.061916579908542e-9,0.07222324542606247,1.3284533245546667e-8
