media,desv_std,min,max,mediana
0.0010794282019393172,0.007496132914593919,3.863468716489759e-9,0.07222324542606247,1.3286696047499206e-8
