LAeq_T_dB,dosis_%,T_horas
90.35347838197438,238.5633174185329,5.546944444444445
