LAeq_T_dB,dosis_%,T_horas
90.33193760576168,189.73149923141764,4.436944444444444
