LAeq_T_dB,dosis_%,T_horas
90.43787401832301,48.35003389491467,1.1086111111111112
