metodo,integral,error_relativo,error_porcentual
Trapecios,17.241706628807936,0.015549781852660989,1.5549781852660989
Simpson 1/3,17.219150018061292,0.016837697303739147,1.6837697303739148
Simpson 3/8,17.20389222909364,0.017708871718257635,1.7708871718257635
